text,language
"Technology is the application of conceptual knowledge to achieve practical goals, especially in a reproducible way.",English
"The word technology can also mean the products resulting from such efforts, including both tangible tools such as utensils or machines, and intangible ones such as software.",English
"Technology plays a critical role in science, engineering, and everyday life.",English
Technological advancements have led to significant changes in society.,English
The invention of the wheel in the Bronze Age allowed greater travel and the creation of more complex machines.,English
"More recent technological inventions, including the printing press, telephone, and the Internet, have lowered barriers to communication and ushered in the knowledge economy.",English
"As a result, philosophical and political debates about the role and use of technology, the ethics of technology, and ways to mitigate its downsides are ongoing.",English
"It is predated in use by the Ancient Greek word τέχνη (tékhnē), used to mean 'knowledge of how to make things', which encompassed activities like architecture.",English
"The term was previously uncommon in English and mostly referred to the academic discipline, as in the Massachusetts Institute of Technology.",English
History Prehistoric Tools were initially developed by hominids through observation and trial and error.,English
"Around 2 Mya (million years ago), they learned to make the first stone tools by hammering flakes off a pebble, forming a sharp hand axe.",English
"This practice was refined 75 kya (thousand years ago) into pressure flaking, enabling much finer work.",English
"The discovery of fire was described by Charles Darwin as ""possibly the greatest ever made by man"".",English
"Archaeological, dietary, and social evidence point to ""continuous [human] fire-use"" at least 1.5 Mya.",English
"Fire, fueled with wood and charcoal, allowed early humans to cook their food to increase its digestibility, improving its nutrient value and broadening the number of foods that could be eaten.",English
"The cooking hypothesis proposes that the ability to cook promoted an increase in hominid brain size, though some researchers find the evidence inconclusive.",English
Archaeological evidence of hearths was dated to 790 kya; researchers believe this is likely to have intensified human socialization and may have contributed to the emergence of language.,English
Other technological advances made during the Paleolithic era include clothing and shelter.,English
"No consensus exists on the approximate time of adoption of either technology, but archaeologists have found archaeological evidence of clothing 90-120 kya and shelter 450 kya.",English
"As the Paleolithic era progressed, dwellings became more sophisticated and more elaborate; as early as 380 kya, humans were constructing temporary wood huts.",English
"Clothing, adapted from the fur and hides of hunted animals, helped humanity expand into colder regions; humans began to migrate out of Africa around 200 kya, initially moving to Eurasia.",English
"Neolithic The Neolithic Revolution (or First Agricultural Revolution) brought about an acceleration of technological innovation, and a consequent increase in social complexity.",English
The invention of the polished stone axe was a major advance that allowed large-scale forest clearance and farming.,English
This use of polished stone axes increased greatly in the Neolithic but was originally used in the preceding Mesolithic in some areas such as Ireland.,English
"Agriculture fed larger populations, and the transition to sedentism allowed for the simultaneous raising of more children, as infants no longer needed to be carried around by nomads.",English
"Additionally, children could contribute labor to the raising of crops more readily than they could participate in hunter-gatherer activities.",English
With this increase in population and availability of labor came an increase in labor specialization.,English
"The invention of writing led to the spread of cultural knowledge and became the basis for history, libraries, schools, and scientific research.",English
"The advantages of copper tools over stone, bone and wooden tools were quickly apparent to early humans, and native copper was probably used from near the beginning of Neolithic times (about 10 kya).",English
"Native copper does not naturally occur in large amounts, but copper ores are quite common and some of them produce metal easily when burned in wood or charcoal fires.",English
"Eventually, the working of metals led to the discovery of alloys such as bronze and brass (about 4,000 BCE).",English
"The first use of iron alloys such as steel dates to around 1,800 BCE.",English
"Ancient After harnessing fire, humans discovered other forms of energy.",English
"The earliest known use of wind power is the sailing ship; the earliest record of a ship under sail is that of a Nile boat dating to around 7,000 BCE.",English
The ancient Sumerians in Mesopotamia used a complex system of canals and levees to divert water from the Tigris and Euphrates rivers for irrigation.,English
"Archaeologists estimate that the wheel was invented independently and concurrently in Mesopotamia (in present-day Iraq), the Northern Caucasus (Maykop culture), and Central Europe.",English
"Time estimates range from 5,500 to 3,000 BCE with most experts putting it closer to 4,000 BCE.",English
"The oldest artifacts with drawings depicting wheeled carts date from about 3,500 BCE.",English
The invention of the wheel revolutionized trade and war.,English
It did not take long to discover that wheeled wagons could be used to carry heavy loads.,English
The ancient Sumerians used a potter's wheel and may have invented it.,English
"A stone pottery wheel found in the city-state of Ur dates to around 3,429 BCE, and even older fragments of wheel-thrown pottery have been found in the same area.",English
"The first two-wheeled carts were derived from travois and were first used in Mesopotamia and Iran in around 3,000 BCE.",English
"The first long-distance road, which came into use around 3,500 BCE, spanned 2,400 km from the Persian Gulf to the Mediterranean Sea, but was not paved and was only partially maintained.",English
"Unlike the earlier road, the Minoan road was completely paved.",English
Ancient Minoan private homes had running water.,English
A bathtub virtually identical to modern ones was unearthed at the Palace of Knossos.,English
"Several Minoan private homes also had toilets, which could be flushed by pouring water down the drain.",English
"The ancient Romans had many public flush toilets, which emptied into an extensive sewage system.",English
The primary sewer in Rome was the Cloaca Maxima; construction began on it in the sixth century BCE and it is still in use today.,English
"The ancient Romans also had a complex system of aqueducts, which were used to transport water across long distances.",English
The first Roman aqueduct was built in 312 BCE.,English
The eleventh and final ancient Roman aqueduct was built in 226 CE.,English
"Put together, the Roman aqueducts extended over 450 km, but less than 70 km of this was above ground and supported by arches.",English
"Pre-modern Innovations continued through the Middle Ages with the introduction of silk production (in Asia and later Europe), the horse collar, and horseshoes.",English
"Simple machines (such as the lever, the screw, and the pulley) were combined into more complicated tools, such as the wheelbarrow, windmills, and clocks.",English
"A system of universities developed and spread scientific ideas and practices, including Oxford and Cambridge.",English
"The Renaissance era produced many innovations, including the introduction of the movable type printing press to Europe, which facilitated the communication of knowledge.",English
"Technology became increasingly influenced by science, beginning a cycle of mutual advancement.",English
"This was followed a century later by the Second Industrial Revolution which led to rapid scientific discovery, standardization, and mass production.",English
"New technologies were developed, including sewage systems, electricity, light bulbs, electric motors, railroads, automobiles, and airplanes.",English
"These technological advances led to significant developments in medicine, chemistry, physics, and engineering.",English
"They were accompanied by consequential social change, with the introduction of skyscrapers accompanied by rapid urbanization.",English
"Communication improved with the invention of the telegraph, the telephone, the radio, and television.",English
The 20th century brought a host of innovations.,English
"In physics, the discovery of nuclear fission in the Atomic Age led to both nuclear weapons and nuclear power.",English
Analog computers were invented and asserted dominance in processing complex data.,English
"Information technology, particularly optical fiber and optical amplifiers, allowed for simple and fast long-distance communication, which ushered in the Information Age and the birth of the Internet.",English
"The Space Age began with the launch of Sputnik 1 in 1957, and later the launch of crewed missions to the moon in the 1960s.",English
"Organized efforts to search for extraterrestrial intelligence have used radio telescopes to detect signs of technology use, or technosignatures, given off by alien civilizations.",English
"Modern technology increasingly relies on training and education – their designers, builders, maintainers, and users often require sophisticated general and specific training.",English
Impact Technological change is the largest cause of long-term economic growth.,English
"Throughout human history, energy production was the main constraint on economic development, and new technologies allowed humans to significantly increase the amount of available energy.",English
"First came fire, which made edible a wider variety of foods, and made it less physically demanding to digest them.",English
"Fire also enabled smelting, and the use of tin, copper, and iron tools, used for hunting or tradesmanship.",English
"Recent years have brought about a rise in social media's cultural prominence, with potential repercussions on democracy, and economic and social life.",English
"Early on, the internet was seen as a ""liberation technology"" that would democratize knowledge, improve access to education, and promote democracy.",English
"Modern research has turned to investigate the internet's downsides, including disinformation, polarization, hate speech, and propaganda.",English
"Since the 1970s, technology's impact on the environment has been criticized, leading to a surge in investment in solar, wind, and other forms of clean energy.",English
"Social Jobs Since the invention of the wheel, technologies have helped increase humans' economic output.",English
Studies have found that computers did not create significant net technological unemployment.,English
A 2017 survey found no clear consensus among economists on whether AI would increase long-term unemployment.,English
"According to the World Economic Forum's ""The Future of Jobs Report 2020"", AI is predicted to replace 85 million jobs worldwide, and create 97 million new jobs by 2025.",English
"From 1990 to 2007, a study in the U.S.",English
"by MIT economist Daron Acemoglu showed that an addition of one robot for every 1,000 workers decreased the employment-to-population ratio by 0.2%, or about 3.3 workers, and lowered wages by 0.42%.",English
Concerns about technology replacing human labor however are long-lasting.,English
"Security With the growing reliance of technology, there have been security and privacy concerns along with it.",English
"Billions of people use different online payment methods, such as WeChat Pay, PayPal, Alipay, and much more to help transfer money.",English
"Although security measures are placed, some criminals are able to bypass them.",English
"Because of this, the U.S.",English
"Treasury Department sanctioned Blender.io, which marked the first time it has taken action against a mixer, to try to crack down on North Korean hackers.",English
The privacy of cryptocurrency has been debated.,English
"Although many customers like the privacy of cryptocurrency, many also argue that it needs more transparency and stability.",English
Environmental Technology can have both positive and negative effects on the environment.,English
"Environmental technology, describes an array of technologies which seek to reverse, mitigate or halt environmental damage to the environment.",English
"This can include measures to halt pollution through environmental regulations, capture and storage of pollution, or using pollutant byproducts in other industries.",English
Other examples of environmental technology include deforestation and the reversing of deforestation.,English
"Emerging technologies in the fields of climate engineering may be able to halt or reverse global warming and its environmental impacts, although this remains highly controversial.",English
"This continues to gradually heat the earth, causing global warming and climate change.",English
Measures of technological innovation correlates with a rise in greenhouse gas emissions.,English
ಟೆಕ್ನಾಲಜೀಸ್ ಗಮನಾರ್ಹವಾಗಿ ಮಾನವ ಹಾಗೆಯೇ ನಿಯಂತ್ರಿಸಲು ಮತ್ತು ನೈಸರ್ಗಿಕ ಪರಿಸರಗಳಲ್ಲಿ ಅವುಗಳ ಹೊoದಿಕೊಳ್ಳುವ ಇತರ ಪ್ರಾಣಿಗಳ ಜಾತಿಗಳ ' ಸಾಮರ್ಥ್ಯದ ಮೇಲೆ ಪರಿಣಾಮ.,Kannada
"ಪದ ಸಾಮಾನ್ಯವಾಗಿ ಅಥವಾ ನಿರ್ದಿಷ್ಟ ಪ್ರದೇಶಗಳಿಗೆ ಅನ್ವಯಿಸಬಹುದು: ಉದಾಹರಣೆಗಳು ನಿರ್ಮಾಣ ತಂತ್ರಜ್ಞಾನ, ವೈದ್ಯಕೀಯ ತಂತ್ರಜ್ಞಾನ, ಮತ್ತು ಮಾಹಿತಿ ತಂತ್ರಜ್ಞಾನ.",Kannada
ತಂತ್ರಜ್ಞಾನದ ಮಾನವ ಜಾತಿಯ ' ಬಳಕೆ ಸರಳ ಉಪಕರಣಗಳ ಒಳಗೆ ನೈಸರ್ಗಿಕ ಸಂಪನ್ಮೂಲಗಳ ಪರಿವರ್ತನೆ ಆರಂಭವಾಯಿತು.,Kannada
ಬೆಂಕಿ ನಿಯಂತ್ರಿಸಲು ಸಾಮರ್ಥ್ಯದ ಆವಿಷ್ಕಾರ ಆಹಾರ ಮೂಲಗಳು ಹೆಚ್ಚಿದ ಮತ್ತು ಚಕ್ರದ ಆವಿಷ್ಕಾರ ಪ್ರಯಾಣಿಸುತ್ತಿದ್ದ ಮತ್ತು ತಮ್ಮ ಪರಿಸರವನ್ನು ನಿಯಂತ್ರಿಸುವಲ್ಲಿ ಮಾನವರಿಗೆ ನೆರವಾಯಿತು.,Kannada
"ಮುದ್ರಣ, ದೂರವಾಣಿ, ಅಂತರಜಾಲ ಸೇರಿದಂತೆ ಇತ್ತೀಚಿನ ತಾಂತ್ರಿಕ ಬೆಳವಣಿಗೆಗಳು, ಸಂವಹನ ದೈಹಿಕ ತಡೆ ಕುಗ್ಗಿದೆ ಮತ್ತು ಮಾನವರು ಜಾಗತಿಕ ಮಟ್ಟದಲ್ಲಿ ಮುಕ್ತವಾಗಿ ವ್ಯವಹರಿಸಲು ಅವಕಾಶವಾಗಿದೆ.",Kannada
ಹೆಚ್ಚಿನ ಸಮಾಜಗಳಲ್ಲಿ ತಂತ್ರಜ್ಞಾನ ( ಇಂದಿನ ಜಾಗತಿಕ ಆರ್ಥಿಕ ಸೇರಿದಂತೆ ) ಹೆಚ್ಚು ಸುಧಾರಿತ ಆರ್ಥಿಕ ಅಭಿವೃದ್ಧಿಗೆ ಸಹಾಯ ಮತ್ತು ಒಂದು ವಿರಾಮ ವರ್ಗದ ಏರಿಕೆ ಅವಕಾಶ ಕಲ್ಪಿಸಿತು.,Kannada
"ಅನೇಕ ತಾಂತ್ರಿಕ ಪ್ರಕ್ರಿಯೆಗಳು ಮಾಲಿನ್ಯ ಎಂದು, ಉತ್ಪನ್ನಗಳು ಅನಗತ್ಯ ಉತ್ಪತ್ತಿ, ಮತ್ತು ಭೂಮಿಯ ವಾತಾವರಣದ ವಿನಾಶವು, ನೈಸರ್ಗಿಕ ಸಂಪನ್ಮೂಲಗಳು ಖಾಲಿಯಾಗುತ್ತದೆ.",Kannada
ತಂತ್ರಜ್ಞಾನ ಪ್ರಭಾವ ಸಮಾಜದ ಮತ್ತು ಹೊಸ ತಂತ್ರಜ್ಞಾನದ ಮೌಲ್ಯಗಳ ವಿವಿಧ ಅನುಷ್ಠಾನಗಳನ್ನು ಸಾಮಾನ್ಯವಾಗಿ ಹೊಸ ನೈತಿಕ ಪ್ರಶ್ನೆಗಳನ್ನು ಹುಟ್ಟುಹಾಕುತ್ತದೆ.,Kannada
"ಉದಾಹರಣೆಗಳು ಮಾನವ ಉತ್ಪಾದಕತೆ ವಿಷಯದಲ್ಲಿ ದಕ್ಷತೆ ಕಲ್ಪನೆ ಏರಿಕೆ ಸೇರಿವೆ, ಒಂದು ಪದವನ್ನು ಮೂಲತಃ ಯಂತ್ರಗಳು ಮಾತ್ರ ಅನ್ವಯಿಸುತ್ತದೆ, ಮತ್ತು ಸಾಂಪ್ರದಾಯಿಕ ಸೂತ್ರಗಳ ಸವಾಲು.",Kannada
] ಫಿಲಾಸಫಿಕಲ್ ಚರ್ಚೆಗಳು ತಂತ್ರಜ್ಞಾನ ಮಾನವ ಪರಿಸ್ಥಿತಿ ಸುಧಾರಿಸುತ್ತದೆ ಅಥವಾ ಹಾಳಾಗುತ್ತದೆ ಎಂಬುದರ ನಡುವೆ ತೀವ್ರ ಭಿನ್ನಾಭಿಪ್ರಾಯಗಳ ಸಮಾಜದಲ್ಲಿ ತಂತ್ರಜ್ಞಾನ ಪ್ರಸ್ತುತ ಮತ್ತು ಭವಿಷ್ಯದ ಬಳಕೆಗಾಗಿ ಮೇಲೆ ಹುಟ್ಟಿಕೊoಡಿವೆ.,Kannada
"ತಂತ್ರಜ್ಞಾನ ಸಂಸ್ಕೃತಿಯ ರೂಪಗಳು ಅಥವಾ ಬದಲಾಯಿಸುತ್ತದೆ ಚಟುವಟಿಕೆ ನೋಡಬಹುದು.ಹೆಚ್ಚುವರಿಯಾಗಿ, ತಂತ್ರಜ್ಞಾನ ಇದನ್ನು ಕರೆಯುತ್ತಾರೆ ಎಂದು ಜೀವನದ ಪ್ರಯೋಜನಕ್ಕಾಗಿ ಗಣಿತ, ವಿಜ್ಞಾನ, ಕಲೆ ಮತ್ತು ಅಪ್ಲಿಕೇಶನ್ ಆಗಿದೆ.",Kannada
"ಆಧುನಿಕ ಉದಾಹರಣೆಗೆ ಮಾನವ ಪರಸ್ಪರ ತಡೆ ಕಡಿಮೆಯಾಗಿದೆ ಮತ್ತು, ಪರಿಣಾಮವಾಗಿ, ಸ್ಪಾವ್ನ್ ಹೊಸ ಉಪಸಂಸ್ಕೃತಿಗಳ ಸಹಾಯ ಇದು ಸಂವಹನ ತಂತ್ರಜ್ಞಾನ, ಏರಿಕೆ;.",Kannada
"ಸಾಂಸ್ಕೃತಿಕ ಚಟುವಟಿಕೆ, ತಂತ್ರಜ್ಞಾನ ತಾಂತ್ರಿಕ ಪ್ರಯತ್ನದ ಕೆಲವು ಅಂಶಗಳನ್ನು ಅಧಿಕೃತಗೊಳಿಸಲು ಪ್ರತಿಯೊoದು, ವಿಜ್ಞಾನ ಮತ್ತು ಎಂಜಿನಿಯರಿಂಗ್ ಎರಡೂ ಮೂಡಿರುತ್ತದೆ.",Kannada
"ವಿಜ್ಞಾನ, ಎಂಜಿನಿಯರಿಂಗ್ ಮತ್ತು ತಂತ್ರಜ್ಞಾನದ ನಡುವಿನ ವ್ಯತ್ಯಾಸವು ಯಾವಾಗಲೂ ಸ್ಪಷ್ಟವಾಗಿಲ್ಲ.",Kannada
"ವಿಜ್ಞಾನ ವೈಜ್ಞಾನಿಕ ವಿಧಾನ ಫಾರ್ಮಲ್ ತಂತ್ರಗಳನ್ನು ಬಳಸಿಕೊಳ್ಳುತ್ತಿದೆ ಲೋಕೋತ್ತರ ಪ್ರಪಂಚದ ಅಂಶಗಳ ನಡುವೆ ನಿರಂತರ ತತ್ವಗಳನ್ನು ಪತ್ತೆಹಚ್ಚಿದ ಗುರಿಯನ್ನು ಸಮರ್ಥನೆಯ ತನಿಖೆ ಅಥವಾ ವಿದ್ಯಮಾನಗಳ ಅಧ್ಯಯನದಲ್ಲಿ, ಆಗಿದೆ.",Kannada
"ಅವರು ಅಗತ್ಯಗಳನ್ನು ಪೂರೈಸಲು ಏಕೆಂದರೆ  ಟೆಕ್ನಾಲಜೀಸ್, ಸಾಮಾನ್ಯವಾಗಿ ಪ್ರತ್ಯೇಕವಾಗಿ ವಿಜ್ಞಾನದ ಉತ್ಪನ್ನಗಳು ಅಲ್ಲ ಇಂತಹ ಉಪಯುಕ್ತತೆಯನ್ನು, ಉಪಯುಕ್ತತೆ ಮತ್ತು ಸುರಕ್ಷತೆ ಮಾಹಿತಿ.",Kannada
"ತಂತ್ರಜ್ಞಾನದ ಅಭಿವೃದ್ಧಿಗೆ ಕೆಲವು ಪ್ರಾಯೋಗಿಕ ಪರಿಣಾಮವಾಗಿ ಸಾಧಿಸಲು, ವೈಜ್ಞಾನಿಕ, ಎಂಜಿನಿಯರಿಂಗ್, ಗಣಿತ, ಭಾಷಾ, ಮತ್ತು ಐತಿಹಾಸಿಕ ಜ್ಞಾನ ಸೇರಿದಂತೆ ಜ್ಞಾನದ ಹಲವು ಕ್ಷೇತ್ರಗಳಲ್ಲಿ ಮೇಲೆ ಸೆಳೆಯಲು.",Kannada
ತಂತ್ರಜ್ಞಾನ ಸಾಮಾನ್ಯವಾಗಿ ವಿಜ್ಞಾನ ಮತ್ತು ಎಂಜಿನಿಯರಿಂಗ್ ಪರಿಣಾಮವಾಗಿದೆ - ಒಂದು ಮಾನವ ಚಟುವಟಿಕೆ ತಂತ್ರಜ್ಞಾನ ಎರಡು ಜಾಗ ಮುಂಚಿತವಾಗಿ ಆದರೂ.,Kannada
"ಉದಾಹರಣೆಗೆ, ವಿಜ್ಞಾನ ಈಗಾಗಲೇ ಅಸ್ತಿತ್ವದಲ್ಲಿರುವ ಉಪಕರಣಗಳು ಮತ್ತು ಜ್ಞಾನ ಬಳಸಿ, ವಿದ್ಯುತ್ ವಾಹಕಗಳು ಎಲೆಕ್ಟ್ರಾನ್ಗಳ ಹರಿವು ತಿಳಿಯಬಹುದು.",Kannada
"ಈ ಹೊಸ ಜ್ಞಾನ ಇಂತಹ ಕಂಪ್ಯೂಟರ್ಗಳು, ಮತ್ತು ಸುಧಾರಿತ ತಂತ್ರಜ್ಞಾನದ ಇತರ ಮಾದರಿಗಳಂತೆ ಹೊಸ ಉಪಕರಣಗಳು ಮತ್ತು ಯಂತ್ರಗಳು, ರಚಿಸಲು ಎಂಜಿನಿಯರ್ಗಳು ಬಳಸಬಹುದು.",Kannada
"ಈ ಅರ್ಥದಲ್ಲಿ, ವಿಜ್ಞಾನಿಗಳು ಮತ್ತು ಎಂಜಿನಿಯರುಗಳು ಎರಡೂ ತಂತ್ರಜ್ಞರು ಪರಿಗಣಿಸಲಾಗುತ್ತದೆ; ಮೂರು ಜಾಗ ಸಾಮಾನ್ಯವಾಗಿ ಸಂಶೋಧನೆ ಮತ್ತು ಉಲ್ಲೇಖ ಉದ್ದೇಶಗಳಿಗಾಗಿ ಒಂದೆಂದು ಪರಿಗಣಿಸಲಾಗಿದೆ .",Kannada
ಈ ಅಗತ್ಯ ಹೊಸ ಜ್ಞಾನ ಮಾತ್ರ ಮೂಲಭೂತ ವೈಜ್ಞಾನಿಕ ಸಂಶೋಧನೆ ಮೂಲಕ ಪಡೆಯಬಹುದು.,Kannada
""" 1960 ರಲ್ಲಿ, ಆದರೆ, ಈ ನೋಟ ನಿರ್ದಿಷ್ಟ ಕಾರ್ಯಗಳನ್ನು ( ವೈಜ್ಞಾನಿಕ ಸಮುದಾಯವು ಪ್ರತಿರೋಧವನ್ನು ಉಪಕ್ರಮಗಳು ) ವಿಜ್ಞಾನ ನಿಧಿಯನ್ನು ಉಪಕ್ರಮಗಳು ಕಡೆಗೆ ಪ್ರಮುಖ, ನೇರ ದಾಳಿ ಒಳಪಟ್ಟಿತು.",Kannada
ಸಮಸ್ಯೆಯನ್ನು ವಿವಾದಾಸ್ಪದ ಆದರೂ ಉಳಿದಿದೆ ಹೆಚ್ಚಿನ ವಿಶ್ಲೇಷಕರು ತಂತ್ರಜ್ಞಾನ ಕೇವಲ ವೈಜ್ಞಾನಿಕ ಸಂಶೋಧನೆಯ ಪರಿಣಾಮವಾಗಿ ಮಾದರಿ ವಿರೋಧಿಸಲು.,Kannada
1983 ರಲ್ಲಿ ಒಂದು ಜಾಹಿರಾತನ್ನು ಪ್ರೋಗ್ರಾಂ ಅಮೇರಿಕಾದ ಕುಸಿಯುತ್ತಿರುವ ಆರ್ಥಿಕ ಮತ್ತು ಮಿಲಿಟರಿ ಸ್ಪರ್ಧಾತ್ಮಕತೆಯನ್ನು ರಿವರ್ಸ್ ಅಮೇರಿಕಾದ ಗುಪ್ತಚರ ಸಮುದಾಯ ಆರಂಭಿಸಲಾಯಿತು.,Kannada
"ಪ್ರೋಗ್ರಾಂ, ಪ್ರಾಜೆಕ್ಟ್ ಸಾಕ್ರಟೀಸ್, ಅಮೇರಿಕಾದ ಕುಸಿತದ ಮೂಲ ನಿರ್ಧರಿಸಲು ಸ್ಪರ್ಧೆಯಲ್ಲಿ ಎಲ್ಲಾ ರೂಪಗಳನ್ನು ಪ್ರಪಂಚದಾದ್ಯಂತ ಸ್ಪರ್ಧಾತ್ಮಕತೆಯನ್ನು ಪರಿಶೀಲಿಸಲು ಎಲ್ಲಾ ಮೂಲ ಗುಪ್ತಚರ ಬಳಸಲಾಗುತ್ತದೆ.",Kannada
ತಂತ್ರಜ್ಞಾನ ಸರಿಯಾಗಿ ಒಂದು ಕಾರ್ಯ ಸಾಧಿಸಲು ವಿಜ್ಞಾನದ ಯಾವುದೇ ಅನ್ವಯಿಸುವಿಕೆ ಎಂದು ಉಲ್ಲೇಖಿಸಲ್ಪಡುತ್ತದೆ.,Kannada
"ವಿಜ್ಞಾನ ಮುಂಚೂಣಿಯಲ್ಲಿ ಅಥವಾ ಸುವ್ಯವಸ್ಥಿತ ಮತ್ತು ಕಾರ್ಯ ಹೆಚ್ಚಿನ ಗೋಚರತೆಯನ್ನು ಅಥವಾ ಗಮನಾರ್ಹವಾಗಿ ಹೆಚ್ಚು ಪ್ರಾಪಂಚಿಕ ಇರಬಹುದು ಆದರೆ ಎಲ್ಲಾ ತಂತ್ರಜ್ಞಾನ, ಮತ್ತು ಅದರ ನಿಂದನೆ ಎಲ್ಲಾ ಸ್ಪರ್ಧಾತ್ಮಕ ಲಾಭವನ್ನು ಬುನಾದಿ ಮಾಡಬಹುದು.",Kannada
"ತಂತ್ರಜ್ಞಾನ ಆಧಾರಿತ ಯೋಜನೆ ಎರಡನೇ ( ಉದಾ, ಡೌ, ಡ್ಯುಪಾಂಟ್, ಜಿಎಂ ) ಮೊದಲು ಅಮೇರಿಕಾದ ಕೈಗಾರಿಕಾ ದೈತ್ಯರು ನಿರ್ಮಿಸಲು ಬಳಸಲಾಯಿತು ಏನು ಮತ್ತು ಒಂದು ಮಹಾಶಕ್ತಿ ಒಳಗೆ ಅಮೇರಿಕಾದ ರೂಪಾಂತರ ಬಳಸಲಾಯಿತು ಇದು.",Kannada
ಇದು ಆರ್ಥಿಕ ಮೂಲದ ಯೋಜನೆ ಅಲ್ಲ.,Kannada
"ಪ್ರಾಜೆಕ್ಟ್ ಸಾಕ್ರಟೀಸ್ ಅಮೇರಿಕಾದ ಸ್ಪರ್ಧಾತ್ಮಕತೆಯನ್ನು ಪುನರ್ ನಿರ್ಧರಿಸುತ್ತದೆ, ಅಮೇರಿಕಾದ ಉದ್ದಕ್ಕೂ ನಿರ್ಧಾರ ತಂತ್ರಜ್ಞಾನ ಆಧಾರಿತ ಯೋಜನೆ ಪುನಃ ಆರಿಸು ಹೊoದಿತ್ತು.",Kannada
ಅಮೇರಿಕಾದ ಸ್ಪರ್ಧಾತ್ಮಕತೆಯನ್ನು ಚೀನಾ ಮತ್ತು ಭಾರತಗಳ ಬಳಸಿದ ಹೆಚ್ಚು ಮುಂದುವರಿದ ಎಂದು ತಂತ್ರಜ್ಞಾನ ಆಧಾರಿತ ಯೋಜನೆ ಒಂದು ರೂಪ ಅಳವಡಿಸಿಕೊಳ್ಳಲು ಬೇಕಾದ ಅಮೇರಿಕಾದ ನಿರ್ಧಾರ ತಯಾರಕರು ಮರುನಿರ್ಮಾಣಕ್ಕೆ.,Kannada
"ಪ್ರಾಜೆಕ್ಟ್ ಸಾಕ್ರಟೀಸ್ ತಂತ್ರಜ್ಞಾನ ಆಧಾರಿತ ಯೋಜನೆ ಪ್ರತಿ ನೂರು ವರ್ಷಗಳ ಮುಂದೆ ವಿಕಾಸಾತ್ಮಕ ಅಧಿಕ ಮಾಡುತ್ತದೆ ಮತ್ತು ಮುಂದಿನ ವಿಕಾಸಾತ್ಮಕ ಅಧಿಕ, ಸ್ವಯಂಚಾಲಿತ ಇನ್ನೋವೇಶನ್ ಕ್ರಾಂತಿ ಸಂಭವಿಸುತ್ತದೆ ಪೋಯ್ಸ್ಡ್ ಎಂದು ನಿರ್ಧರಿಸಲಾಗುತ್ತದೆ.",Kannada
"ಸಾಮಾನ್ಯ ಅರ್ಥದಲ್ಲಿ ಶಿಕ್ಷಣ, ಎಂದರೆ ಜ್ಞಾನ, ಕೌಶಲ್ಯ ಮತ್ತು ಜನರು ಒಂದು ಗುಂಪಿನ ಪದ್ಧತಿ ಬೋಧನೆ, ತರಬೇತಿ ಅಥವಾ ಸಂಶೋಧನೆಯ ಮೂಲಕ ಮುಂದಿನ ಪೀಳಿಗೆಗೆ ವರ್ಗಾಯಿಸುವ ವ್ಯವಸ್ಥೆ.",Kannada
ಇದರಲ್ಲಿ ಕಲಿಕೆಯು ಒಂದು ರೂಪ.,Kannada
ಶಿಕ್ಷಣ ಆಗಾಗ್ಗೆ ಇತರರ ಮಾರ್ಗದರ್ಶನದಲ್ಲಿ ನಡೆಯುತ್ತದೆ.,Kannada
ಒಬ್ಬ ಯೋಚಿಸುತ್ತಾನೆ.,Kannada
ದಾರಿಯಲ್ಲಿ ಒಂದು ರೂಪುಗೊಳ್ಳುವಿಕೆಯು ಯಾವ ಪರಿಣಾಮವನ್ನು ಹೊoದಿದೆ ಎಂದು.,Kannada
"ಯಾವುದೇ ಒಂದು ಅನುಭವ, ಭಾವನೆ ಅಥವಾ ಕೃತ್ಯಗಳನ್ನು ಶೈಕ್ಷಣಿಕವೆಂದು ಪರಿಗಣಿಸಬಹುದು.",Kannada
"ಶಿಕ್ಷಣವು ಸಾಮಾನ್ಯವಾಗಿ ಪ್ರಿಸ್ಕೂಲ್, ಪ್ರಾಥಮಿಕ ಶಾಲೆ, ಸೆಕೆಂಡರಿ ಶಾಲೆ ಮತ್ತು ನಂತರ ಕಾಲೇಜು, ವಿಶ್ವವಿದ್ಯಾಲಯ ಅಥವಾ ಶಿಷ್ಯವೃತ್ತಿಯ ಎಂದು ಹಲವು ಹಂತಗಳಲ್ಲಿ ವಿಂಗಡಿಸಲಾಗಿದೆ.",Kannada
ಶಿಕ್ಷಣ/ವಿದ್ಯೆ ಕಲಿಸುವಾತನೆ ಶಿಕ್ಷಕ.,Kannada
ಶಿಕ್ಷಣದ ಹಕ್ಕು ಶಿಕ್ಷಣದ ಹಕ್ಕು ಕೆಲವೊoದು ಸರ್ಕಾರಗಳು ಗುರುತಿಸಿವೆ.,Kannada
"ಜಾಗತಿಕ ಮಟ್ಟದಲ್ಲಿ ಆರ್ಥಿಕ ಯುನೈಟೆಡ್ ನೇಷನ್ಸ್ '೧೯೬೬ ಅಂತರರಾಷ್ಟ್ರೀಯ ಒಪ್ಪಂದ ಅನುಚ್ಛೇದ ೧೩, ಸಾಮಾಜಿಕ ಮತ್ತು ಸಾಂಸ್ಕೃತಿಕ ಹಕ್ಕುಗಳ ಶಿಕ್ಷಣ ಎಲ್ಲರನ್ನು ಪರಿಗಣಿಸುತ್ತದೆ.",Kannada
"ಶಿಕ್ಷಣ ಪಡೆಯಲು ಕೆಲವು ವಯಸ್ಸಿನ ಮಕ್ಕಲಿಗೆ, ಶಾಲೆಯಲ್ಲಿ ಹಾಜರಾತಿ, ಹೆಚ್ಚಿನ ಸ್ಥಳಗಳಲ್ಲಿ ಕಡ್ಡಾಯ.",Kannada
ಆದರೂ ಸಾಮಾನ್ಯವಾಗಿ ಮತ್ತು ಪೋಷಕರು ಅಲ್ಪಸಂಖ್ಯಾತರ ಮನೆಯಲ್ಲೇ ಶಿಕ್ಷಣ ಕಲಿಕೆಯ ಮೂಲಕ ಆರಂಭವಾಗುತ್ತದೆ.,Kannada
"ಶೈಕ್ಷಣಿಕ ಯೋಜನ ಇಂಟರ್ನ್ಯಾಷನಲ್ ಇನ್ಸ್ಟಿಟ್ಯೂಟ್ ನಡೆಸಿದ ಅಧ್ಯಯನವು, ಶಿಕ್ಷಣ ಯೋಜನೆ ಮತ್ತು ನಿರ್ವಹಣೆಯ ಬಲವಾದ ವಿಭಾಗದಲ್ಲಿಯೂ ಇಡೀ ವ್ಯವಸ್ಥೆಯಲ್ಲಿ ಪ್ರಮುಖ  ಮೇಲೆ ಪರಿಣಾಮ ಹೊoದಿವೆ ಎಂಬುದನ್ನು ಸೂಚಿಸುತ್ತದೆ.",Kannada
ವಯಸ್ಕರಿಗೆ ಅವರು ಮಾಸ್ಟರ್ ಮತ್ತು ಅಂತಿಮವಾಗಿ ಪಾಸ್ ಅಗತ್ಯದ ಜ್ಞಾನ ಮತ್ತು ಕೌಶಲ್ಯಗಳನ್ನು ತಮ್ಮ ಸಮಾಜದ ಯುವ ತರಬೇತಿ ಶಿಕ್ಷಣ ಆರಂಭಿಕ ಪೂರ್ವೇತಿಹಾಸದಿಂದ ಆರಂಭಿಸಿದರು.,Kannada
ಪೂರ್ವ ಸಾಕ್ಷರ ಸಮಾಜದಲ್ಲಿ ಶಿಕ್ಷಣವನ್ನು ಮೌಖಿಕವಾಗಿ ಮತ್ತು ಅನುಕರಣೆ ಮೂಲಕ ಸಾಧಿಸಲಾಯಿತು.,Kannada
ಕಥೆ ಹೇಳುವ ಮೂಲಕ ಮುಂದಿನ ಪೀಳಿಗೆಗೆ ಅದು ಮುಂದುವರೆಯಿತು.,Kannada
"ಸಂಸ್ಕೃತಿಗಳು ಸುಲಭವಾಗಿ ಅನುಕರಣೆ, ಅಭಿವೃದ್ಧಿಗೆ ಸಹಕರಿಸುತ್ತವೆ.",Kannada
ಫಾರ್ಮಲ್ ಎಂಬುವವನು ಮಕ್ಕಳನ್ನು ಮೀರಿ ತಮ್ಮ ಜ್ಞಾನವನ್ನು ವಿಸ್ತರಿಸಲು ಶುರು ಮಾಡಿದ.,Kannada
"ಪಾಶ್ಚಾತ್ಯರಲ್ಲಿ ಶಿಕ್ಷಣದ ಮಹತ್ವ ಶಾಲೆಗಳು, ಮಧ್ಯಕಾಲೀನ ಸಾಮ್ರಾಜ್ಯದ ಸಮಯದಲ್ಲಿ, ಈಜಿಪ್ಟ್ ದೇಶದಲ್ಲಿ ಅಸ್ತಿತ್ವದಲ್ಲಿದ್ದವು.",Kannada
೧೦೮೮ರಲ್ಲಿ ಸ್ಥಾಪಿಸಲಾದ ಬೊಲೊಗ್ನಾ ವಿಶ್ವವಿದ್ಯಾಲಯವು ಪ್ರಸಿದ್ದವಾದುದಾಗಿದೆ.,Kannada
ಪ್ಲೇಟೋ ಅಥೆನ್ಸ್ ನಲ್ಲಿ ಅಕಾಡೆಮಿ ಯುರೋಪ್ ನಲ್ಲಿ ಉನ್ನತ ಶಿಕ್ಷಣದ ಮೊದಲ ಇನ್ಸ್ಟಿಟ್ಯೂಶನ್ ಸ್ಥಾಪಿಸಿದ್ದರು.,Kannada
ಈಜಿಪ್ಟ್ ನ ಅಲೆಕ್ಸಾಂಡ್ರಿಯ ನಗರದಲ್ಲಿ ೩೩೦ BC ಯಲ್ಲಿ ಸ್ಥಾಪಿಸಲಾಯಿತು.,Kannada
ಪ್ರಾಚೀನ ಗ್ರೀಸ್ ನ ಬೌದ್ಧಿಕ ತೊಟ್ಟಿಲು ಅಥೆನ್ಸ್ ನ ಉತ್ತರಾಧಿಕಾರಿ ಆಯಿತು.,Kannada
ಇಲ್ಲಿ ಗಣಿತಜ್ಞ ಯೂಕ್ಲಿಡ್ನ ಮತ್ತು ಅಂಗರಚನಾ ; ಅಲೆಕ್ಸಾಂಡ್ರಿಯಾ ಗ್ರಂಥಾಲಯವು ನಿರ್ಮಿಸಿದ ಮತ್ತು ಗ್ರೀಕ್ ಒಳಗೆ ಹೀಬ್ರೂ ಬೈಬಲ್ ಅನುವಾದ.,Kannada
ಯುರೋಪಿಯನ್ ನಾಗರೀಕತೆಗಳಲ್ಲಿ ಕ್ರಿ.ಶ.,Kannada
೪೭೬ ರಲ್ಲಿ ರೋಮ್ ಪತನದ ನಂತರ ಸಾಕ್ಷರತೆ ಮತ್ತು ಸಂಸ್ಥೆಯ ಒಂದು ವೈಫಲ್ಯವನ್ನು ಅನುಭವಿಸಿತು.,Kannada
"ಚೀನಾ ಕನ್ಫ್ಯೂಷಿಯಸ್ ( ೫೫೧-೪೭೯) ರಾಜ್ಯ ಅವರ ಶೈಕ್ಷಣಿಕ ಮೇಲ್ನೋಟ ಆಫ್ ಚೀನಾ ಸಮಾಜಗಳು ಮತ್ತು ಕೊರಿಯಾ, ಜಪಾನ್ ಮತ್ತು ವಿಯೆಟ್ನಾಂ ಮುಂತಾದ ನೆರೆಯ ಪ್ರಭಾವಿಸಿತು.",Kannada
ಚೀನಾ ದೇಶವು ಅತ್ಯಂತ ಪ್ರಭಾವಿ ಪ್ರಾಚೀನ ತತ್ವಜ್ಞಾನಿ ಆಗಿತ್ತು.,Kannada
ಆಧುನಿಕ ಯುಗಕ್ಕೆ ಪೂರ್ವ ಏಷ್ಯಾದಲ್ಲಿ ಶಿಕ್ಷಣ ಪ್ರಭಾವ ಮುಂದುವರಿಯಿತು.,Kannada
"ರೋಮ್ ಪತನದ ನಂತರ, ಕ್ಯಾಥೋಲಿಕ್ ಚರ್ಚ್ ಪಶ್ಚಿಮ ಯುರೋಪ್ ಸಾಕ್ಷರ ವಿದ್ಯಾರ್ಥಿವೇತನವು ಏಕೈಕ ಆಸರೆ ಆಯಿತು.",Kannada
"ಚರ್ಚ್ ಮುಂದುವರಿದ ಶಿಕ್ಷಣ ಕೇoದ್ರಗಳು, ಎಂದು ಆರಂಭದಲ್ಲಿ ಮಧ್ಯಯುಗದ ಕ್ಯಾಥೆಡ್ರಲ್ ಶಾಲೆಗಳನ್ನು ಸ್ಥಾಪಿಸಲಾಯಿತು.",Kannada
ಮಧ್ಯಕಾಲೀನ ವಿಶ್ವವಿದ್ಯಾನಿಲಯಗಳ ಮತ್ತು ಯುರೋಪಿನ ಆಧುನಿಕ ವಿಶ್ವವಿದ್ಯಾನಿಲಯಗಳ ಅನೇಕ forebears ವಿಕಸನಗೊoಡಿತು.,Kannada
"ಮಧ್ಯಯುಗೀನ ಕೊನೆಯ ಹಂತದಲ್ಲಿ, ಚಾರ್ಟ್ರೆಸ್ ಅವರಿಂದ ಕ್ಯಾಥೆಡ್ರಲ್ ಪ್ರಸಿದ್ಧ ಮತ್ತು ಪ್ರಭಾವಶಾಲಿ ಚಾರ್ಟ್ರೆಸ್ಅವರಿಂದ ಕ್ಯಾಥೆಡ್ರಲ್ ಕಾರ್ಯಾಚರಣೆ.",Kannada
ಪಾಶ್ಚಾತ್ಯ ಕ್ರಿಸ್ಚಿಯನ್ ಮಧ್ಯಯುಗೀನ ವಿಶ್ವವಿದ್ಯಾಲಯಗಳ ಎಲ್ಲ ಪಶ್ಚಿಮ ಯೂರೋಪ್ ಅಡ್ಡಲಾಗಿ ಚೆನ್ನಾಗಿ ಸಮಗ್ರ ಮಾಡಲಾಯಿತು.,Kannada
ಯೂರೋಪ್ ನಲ್ಲಿ ನವೋದಯ ಪ್ರಾಚೀನ ಗ್ರೀಕ್ ಮತ್ತು ರೋಮನ್ ನಾಗರೀಕತೆಗಳು ವೈಜ್ಞಾನಿಕ ಮತ್ತು ಬೌದ್ಧಿಕ ವಿಚಾರಣೆಯ ಮತ್ತು ಮೆಚ್ಚುಗೆ ಹೊಸತನವನ್ನು ಕೊಟ್ಟಿತು.,Kannada
೧೪೫೦ರ ಸುಮಾರು ಜೊಹಾನ್ಸ್ ಗುಟೆನ್ಬರ್ಗ್ ಸಾಹಿತ್ಯ ಕೃತಿಗಳಲ್ಲಿ ಹೆಚ್ಚು ತಕ್ಷಣವೇ ಹರಡಲು ಅವಕಾಶ ಕಲ್ಪಿಸಿತು.,Kannada
ಇದು ಮುದ್ರಣ ಅಭಿವೃದ್ಧಿ ಎಂಪೈರ್ಸ್ ಆಫ್ ಯುರೋಪಿಯನ್ ವಯಸ್ಸು ತತ್ವದ ಶಿಕ್ಷಣ ಯುರೋಪಿಯನ್ ಆಲೋಚನೆಗಳಲ್ಲಿ ಕಂಡಿತು.,Kannada
"ಧರ್ಮ, ಕಲೆ ಮತ್ತು ವಿಜ್ಞಾನ ಜಗತ್ತಿನಾದ್ಯಂತ ಹರಡಿತು.",Kannada
ಜ್ಞಾನೋದಯ ಯುರೋಪ್ ನಲ್ಲಿ ಹೆಚ್ಚು ಜಾತ್ಯತೀತ ಶೈಕ್ಷಣಿಕ ಮೇಲ್ನೋಟ ಕಾಣಿಸಿ ಕೊoಡಿತು.,Kannada
ಹೆಚ್ಚಿನ ದೇಶಗಳಲ್ಲಿ ಇಂದು ಶಿಕ್ಷಣ ಒಂದು ನಿರ್ದಿಷ್ಟ ವಯಸ್ಸಿನ ಎಲ್ಲಾ ಮಕ್ಕಳಿಗೆ ಕಡ್ಡಾಯವಾಗಿದೆ.,Kannada
"ಕಾರಣ ಈ ಜನಸಂಖ್ಯೆ ಬೆಳವಣಿಗೆ ಸೇರಿ ಕಡ್ಡಾಯ ಶಿಕ್ಷಣ ಪ್ರಸರಣಕ್ಕೆ, ಯುನೆಸ್ಕೋ ಮುಂದಿನ ೩೦ ವರ್ಷಗಳಲ್ಲಿ ಹೆಚ್ಚು ಜನರು ಇದುವರೆಗಿನ ಮಾನವ ಇತಿಹಾಸದಲ್ಲೇ ಹೆಚ್ಚು ಔಪಚಾರಿಕ ಶಿಕ್ಷಣ ಸ್ವೀಕರಿಸುತ್ತಾರೆ ಎಂದು ಲೆಕ್ಕಾಚಾರ ಮಾಡಿದೆ.",Kannada
ಭಾರತದಲ್ಲಿ ಶಿಕ್ಷಣ ವ್ಯವಸ್ಥೆ ಭಾರತದಲ್ಲಿ ಆದಿಕಾಲದಿಂದಲು ನಡೆದುಕೊಂಡು ಬಂದ ಗುರುಕುಲ ಶಿಕ್ಷಣ ವ್ಯವಸ್ಥೆಯು ಜಗತ್ತಿನ ಅತ್ಯಂತ ಪುರಾತನ ಶಿಕ್ಷಣ ವ್ಯವಸ್ಥೆಯಾಗಿದೆ.,Kannada
ಅಲ್ಲಿ ಆಳವಾಗಿ ಒಂದೆ ವಿಚಾರದ ಬಗ್ಗೆ ಕುರಿತು ಅಧ್ಯಯನ ನಡೆಯುತ್ತಿತ್ತು.,Kannada
"ಉದಾಹರಣೆಗೆ, ವೇದ, ಉಪನಿಷತ್,ಆಯುರ್ವೇದ, ಯುದ್ದಕಲೆ, ಚಿತ್ರಕಲೆ, ಸಂಗೀತ, ಗಣಿತಶಾಸ್ತ್ರ,ಅರ್ಥಶಾಸ್ತ್ರ,ಯೋಗ ಇಂಥ ವಿಷಯಗಳ ಬಗ್ಗೆ ಅಧ್ಯಯನಗಳು ಜರುಗಿ ವಿದ್ಯಾವಂತರಿಗಿಂತ ಹೆಚ್ಚಾಗಿ ಜ್ಞಾನವಂತರು, ಸುಶಿಕ್ಷಿತರು ಇದ್ದರು.",Kannada
ಭಾರತಕ್ಕೆ ಬ್ರೀಟಿಷರ ಆಗಮನದಿಂದ ನಮ್ಮ ಗುರುಕುಲ ಮಾದರಿಯಿಂದ ಶಾಲೆಯ ಮಾದರಿಯನ್ನು ಪಡೆಯಿತು.,Kannada
"ಒಂದನೇ ತರಗತಿಯಿಂದ ೧೦ ನೇ ತರಗತಿಯವರೆಗೆ ಭಾರತ ಸರ್ಕಾರವು ಉಚಿತವಾಗಿ ಶಿಕ್ಷಣವನ್ನು ನೀಡಿ, ಅದನ್ನು ಶಿಕ್ಷಣವನ್ನು ಪಡೆಯುವ ಹಕ್ಕನ್ನಾಗಿ ಮಾಡಿದೆ.",Kannada
ಅಭಿವೃದ್ಧಿಶೀಲ ವಿಶ್ವದಲ್ಲಿ ೧೯೦೯ ರಿಂದ ಶಾಲೆಗೆ ಹೋಗುವ ಮಕ್ಕಳ ಅನುಪಾತ ಹೆಚ್ಚಾಗಿದೆ.,Kannada
"ಮೊದಲು, ಹುಡುಗರು ಅಲ್ಪಸಂಖ್ಯಾತ ಶಾಲೆಗೆ ಹೋಗುತ್ತಿದ್ದರು.",Kannada
"೨೧ ನೇ ಶತಮಾನದ ಆರಂಭದ ಹೊತ್ತಿಗೆ ವಿಶ್ವದ ಬಹುತೇಕ ವಲಯಗಳಲ್ಲಿ 73 ಮಿಲಿಯನ್ ಮಕ್ಕಳು, ಪ್ರಾಥಮಿಕ ಶಾಲೆಗೆ ಹೋಗಲಿಲ್ಲ.",Kannada
ಬಡವರಲ್ಲಿ ಹೆಚ್ಚಾಗಿ ಹೆಣ್ಣು ಮಕ್ಕಳು ಇದ್ದಾರೆ.,Kannada
"೨೦೦ಕಿಂತ ಹೆಚ್ಚು  ಮಿಲಿಯನ್ ಮಕ್ಕಳು, ಮಾಧ್ಯಮಿಕ ಶಾಲೆಗೆ ಹೋಗಲಿಲ್ಲ.",Kannada
"ಆದರೂ, ಕಳೆದ ದಶಕದಲ್ಲಿ ಸಾರ್ವತ್ರಿಕ ಪ್ರಾಥಮಿಕ ಶಿಕ್ಷಣ ಮಾಡಲಾಗಿದೆ.",Kannada
ಇದು ಪ್ರಗತಿಯ ಕಡೆಗೆ ಕೊಂದೊಯ್ಯುವ ಎಂಟು ಅಂತಾರಾಷ್ಟ್ರೀಯ ಸಹಸ್ರಮಾನ ಅಭಿವೃದ್ಧಿ ಗುರಿಗಳಲ್ಲಿ ಒಂದಾಗಿದೆ.,Kannada
"ನಿರೀಕ್ಷಿತ ದಾನಿಗಳಿಂದ ದತ್ತಿ ನಿಧಿ ನೆರವು, ನಿರ್ದಿಷ್ಟವಾಗಿ ನಿರಂತರ ಸಮಸ್ಯೆಯಾಗಿದೆ.",Kannada
"ಓವರ್ಸೀಸ್ ಡೆವಲಪ್ಮೆಂಟ್ ಇನ್ಸ್ಟಿಟ್ಯೂಟ್ ಶಿಕ್ಷಣಕ್ಕೆ ಹೆಚ್ಚು ಹಣ ಪಡೆಯುವ ಅಡೆತಡೆಗಳನ್ನು  ಹೆಚ್ಚುವರಿಯಾಗಿ, ಟ್ರಾನ್ಸ್ಪರೆನ್ಸಿ ಇಂಟರ್ನ್ಯಾಷನಲ್ ಭ್ರಷ್ಟಾಚಾರ ಪತ್ತೆಹಚ್ಚಿದೆ.",Kannada
ಒಂದು ಅಪಕ್ವವಾದ ನೆರವು ವಾಸ್ತುಶಿಲ್ಪ ಮತ್ತು ಸಮಸ್ಯೆಯನ್ನು ಸಾಕ್ಷಿ ಮತ್ತು ವಕಾಲತ್ತು ಕೊರತೆ ಸೇರಿವೆ ಎಂದು ಸೂಚಿಸಿವೆ.,Kannada
ಆಫ್ರಿಕಾದಲ್ಲಿ ಸಾರ್ವತ್ರಿಕ ಪ್ರಾಥಮಿಕ ಶಿಕ್ಷಣ ಸಾಧಿಸುವ ಒಂದು ಪ್ರಮುಖ ಅಡಚಣೆಯಾಗುತ್ತದೆ.,Kannada
"ಇದಲ್ಲದೆ, ಸುಧಾರಿತ ಶೈಕ್ಷಣಿಕ ಪ್ರವೇಶ ಅಭಿವೃದ್ಧಿಶೀಲ ಪ್ರಪಂಚದಲ್ಲಿ ಬೇಡಿಕೆ ವಿದೇಶಿಯರು ನಿರೀಕ್ಷಿಸಲಾಗಿದೆ.",Kannada
ಸ್ಥಳೀಯ ಸರ್ಕಾರಗಳು ಒಳಗೊoಡಿರುವ ಮರುಕಳಿಸುವ ವೆಚ್ಚ ಪಡೆಯಲು ಇಷ್ಟವಿರುವುದಿಲ್ಲ.,Kannada
ಅಲ್ಪಾವಧಿಯಲ್ಲಿ ಹೆಚ್ಚಾಗಿ ಗಳಿಸಿದ ಹಣ ಶಿಕ್ಷಣದ ದೀರ್ಘಕಾಲದ ಪ್ರಯೋಜನಗಳನ್ನು ಕಡೆಗೆ ತಮ್ಮ ಮಕ್ಕಳಿಗೆ ಆದ್ಯತೆಯನ್ನು ಪೋಷಕರಿಂದ ಆರ್ಥಿಕ ಕೆಲಸದ ಒತ್ತಡ ಇರುತ್ತದೆ.,Kannada
ಮುಂದಿನ ಅಂತರರಾಷ್ಟ್ರೀಕರಣ ಪ್ರತಿಯೊoದು ದೇಶವು ಈಗ ಸಾರ್ವತ್ರಿಕ ಪ್ರಾಥಮಿಕ ಶಿಕ್ಷಣ ಹೊoದಿದೆ.,Kannada
ಸಾಮ್ಯತೆ - ವ್ಯವಸ್ಥೆಗಳಲ್ಲಿ ಅಥವಾ ಆಲೋಚನೆಗಳಲ್ಲಿ - ಶಾಲೆಗಳು ಅಂತಾರಾಷ್ಟ್ರೀಯವಾಗಿ ಹಂಚಿಕೊಳ್ಳುವ ಅಂತರಾಷ್ಟ್ರೀಯ ವಿದ್ಯಾರ್ಥಿ ವಿನಿಮಯ ಹೆಚ್ಚಳಕ್ಕೆ ಕಾರಣವಾಯಿತು.,Kannada
ಯುರೋಪಿಯನ್ ಸಾಕ್ರಟೀಸ್ - ಎರಾಸ್ಮಸ್ ಕಾರ್ಯಕ್ರಮದಲ್ಲಿ ಯುರೋಪಿನ ವಿಶ್ವವಿದ್ಯಾನಿಲಯಗಳ ಅಡ್ಡಲಾಗಿ ವಿನಿಮಯ ಸುಗಮಗೊಳಿಸುತ್ತದೆ.,Kannada
ಸೊರೊಸ್ ಫೌಂಡೇಷನ್ ಮಧ್ಯ ಏಷ್ಯಾ ಮತ್ತು ಪೂರ್ವ ಯುರೋಪ್ ವಿದ್ಯಾರ್ಥಿಗಳಿಗೆ ಅನೇಕ ಅವಕಾಶಗಳನ್ನು ಒದಗಿಸುತ್ತದೆ.,Kannada
ಇಂತಹ ಅಂತಾರಾಷ್ಟ್ರೀಯ ಬ್ಯಕೆಲೌರಿಯೇಟ್ ಎಂದು ಪ್ರೋಗ್ರಾಂಗಳು ಶಿಕ್ಷಣ ಅಂತರರಾಷ್ಟ್ರೀಕರಣ ಕೊಡುಗೆ.,Kannada
ಅಮೆರಿಕನ್ ವಿಶ್ವವಿದ್ಯಾಲಯಗಳ ನೇತೃತ್ವದ ಆನ್ಲೈನ್ ಜಾಗತಿಕ ಕ್ಯಾಂಪಸ್.,Kannada
ನಿಜವಾದ ತರಗತಿಗಳು ಅವಧಿಯಲ್ಲಿ ದಾಖಲಾದ ವರ್ಗ ವಸ್ತುಗಳನ್ನು ಮತ್ತು ಉಪನ್ಯಾಸ ಕಡತ ಗಳನ್ನು ಉಚಿತ ಪ್ರವೇಶವನ್ನು ನೀಡುತ್ತದೆ.,Kannada
"அறிவியல் () (Science) என்பது ""அறிந்து கொள்ளுதல் "" எனப் பொருள்படும் scientia எனும்  இலத்தீன் சொல்லில் இருந்து பெறப்பட்டதாகும்.",Tamil
அறிவியல் என்பது புடவி பற்றிய நிறுவமுடிந்த விளக்கங்கள் முன்கணிப்புகளின் வடிவத்தில் அறிவை ஒருங்கமைத்து உருவாக்கும் முறையான நிறுவனம் ஆகும்.,Tamil
"நிகழ்நிலை அறிவியல் இயற்கை அறிவியல், சமூக அறிவியல், முறைசார் அறிவியல் என மூன்றாகப் பகுக்கப்படுகிறது.",Tamil
இயற்கை அறிவியலில் உறழ்திணை உலகம் அல்லது பருப்பொருள் உலகம் ஆயப்படுகிறது.,Tamil
சமூக அறிவியலில் மக்களும் சமூகங்களும் ஆயப்படுகின்றன.,Tamil
"முறைசார் அறிவியலில் புலன்வழி (கருவழியும் உள்ளடங்க) நோக்கீடுகள் அல்லது சான்றுகள் சார்ந்த அளவையியல் (logic), கணிதவியல் முறைகள் ஆயப்படுகின்றன .",Tamil
"அறிவியல் அறிவைப் பயன்படுத்தும் பொறியியல், மருத்துவம், வேளாண்மை ஆகிய துறைகளும் பயன்முறை அறிவியலின் கீழ் கருதப்படும்.",Tamil
"எனவே, அறிவியல் என்பது ஏன் எதனால் எப்படி ஏதொன்றும் இயங்குகின்றது என்று உறுதியாக அறிவடிப்படையில் அறிவது.",Tamil
"இயற்கையை நோக்கி அடிப்படையான பகுத்தறிவு நோக்கிலான அறிவு பெறும் முறையையும், அம்முறையில் பெறப்பட்ட அறிவையும் உள்ளியக்கத்தைப் புரிந்து கொள்ளுதலையும் குறிக்கிறது.",Tamil
"ஒன்றைப் பற்றிய ஒரு கருதுகோளை முன்வைத்து, நேர்பட நிகழ்வுகளைப் துல்லியமாய்ப் பார்த்து, தரவுகளைப் பெற்று, பரிசோதனை, முடிவுகளைக் கண்டுபிடித்து நிறுவுவதே அறிவியல் வழிமுறை.",Tamil
இதன் அடிப்படையில் ஒன்றைப் பற்றிய ஒரு பொது கோட்பாடு உருவாக்கப்படும்.,Tamil
"கோட்பாடுகள் இயற்கையின் இயக்கப்பாடுகளை நன்குணரவும், அவற்றை மேலும் உறுதிப்படுத்தியும் மேம்படுத்தியும் பதிலளிக்க வல்லதாகவும் அமையவேண்டும்.",Tamil
தொல்செவ்வியல் காலம் முதல் 19 ஆம் நூற்றாண்டு வரையில் அறிவியல் மெய்யியலுக்கு நெருக்கமான அறிவு வகைமையாகவே கருதப்பட்டு வந்தது.,Tamil
"மேற்கத்திய நடைமுறையில் இயற்கை மெய்யியல் எனும் சொல் இன்றைய வானியல், மருத்துவம், இயற்பியல் ஆகிய ஆய்வுப் புலங்களை குறித்துவந்துள்ளது.",Tamil
"என்றாலும், இசுலாமியப் பொற்காலத்தில் அறிவியல் முறை குறித்த அடிப்படைகளை  இபின் அல் ஹய்தம் அவர்களால் அவரது  ஒளியியல் நூலில் வறையறுக்கப்பட்டது.",Tamil
"பருப்பொருள் உலகம் இந்தியாவில் பூதங்கள் எனவும் கிரேக்கத்தில் செவ்வியல் தனிமங்கள் எனவும் நீர், நிலம், நெருப்பு, காற்று என நான்காக வரையறுத்தது, மிகவும் மெய்யியலோடு நெருக்கமானதேயாகும்.",Tamil
"ஆனால் இடைக்கால இசுலாமியப் பொற்கால, நடுவண் கிழக்குநாட்டு அறிவியல் முறை வரையறை, நடைமுறை சார்ந்தும் செய்முறை நோக்கிடுகளைச் சார்ந்தும் பொருள்களை வகைப்படுத்த வேண்டும் எனக் கருதியது.",Tamil
"பதினேழு, பதினெட்டாம் நூற்றாண்டு அறிவியலாளர்கள் இயற்பியல் விதிகளைச் சார்ந்தே அறிவை வரையறுக்க முயன்றனர்.",Tamil
"ஆனால், பத்தொன்பதாம் நூற்றாண்டில், அறிவியல் எனும் சொல் இயற்கை உலகை முறையாக ஆய்வதற்கான அறிவியலின் முறையைக் குறிக்கவே பயன்படலானது.",Tamil
இந்தக் காலகட்டத்தில் தான் உயிரியலும் வேதியியலும் இயற்பியலும் புத்தியல்பு வ்வங்களை எய்தின.,Tamil
"இக்காலத்தில் தான் அறிவியலாளர், அறிவியல் குமுகம் எனும் சொற்களும் அறிவியல் நிறுவனங்களும் தோன்றின.",Tamil
இவற்றின் சமூக ஊடாட்டங்களுக்கு மற்ற பண்பாட்டுக் கூறுகளுக்கு ஒப்ப முதன்மைத் தன்மை கிடைத்தது.,Tamil
வரலாறு முதன்மைக் கட்டுரை:அறிவியலின் வரலாறு பரந்த பொருளில் அறிவியல் புத்தியல் ஊழிக்கு முன்பே பல வரலாற்று நாகரிகங்கள் நிலவியது.,Tamil
புத்தியல் அறிவியல் தன் அறிவியல் இலக்கியத்தின்/ முடிவுகளின் அணுகுமுறையில் தெளிவாகவும் வெற்றியோடும் விளங்குகிறது.,Tamil
"எனவே, அறிவியல் எனும் சொல்லை அதன் உரிய பொருளில் கருக்காக வரையறுக்கிறது.",Tamil
"தொல்பழங்காலம் அறிவியல் தன் முதல்நிலைப் பொருளில் அறிவின் ஒருவகையைக் குறித்ததே தவிர, அத்தகைய அறிவின் தேட்டத்துக்கான சிறப்பு சொல்லாக அமைந்திலது.",Tamil
"குறிப்பாக, இது மக்கள் ஒருவருக்கொருவர் பரிமாறிப் பகிரும் வகைப்பட்ட அறிவாக இலங்கியது.",Tamil
"எடுத்துகாட்டாக,இயற்கைப் பொருள்களின் இயக்கம் பற்றீய செயல்பாட்டு அறிவாகவரலாறெழிதியல் காலத்துக்கு முன்பே திரண்டு சிக்கலான நுண்சிந்தனை வளர்ச்சிக்கு வழிவகுத்திருந்தது.",Tamil
"இது சிக்கலான நாட்காட்டிகளின் உருவாக்கம், நஞ்சுப்பொருள்களை உண்பொருள்களாக மாற்றும் நுட்பங்கள், சிக்கலான கூம்புகோபுரங்களின் கட்டுமானம் ஆகியவற்றின்வழி தெளிவாகிறது.",Tamil
"என்றாலும், இவை சார்ந்த அறிவின் தனித்தன்மை தெளிவாக தன்னுணர்வோடு வரையறுக்கப்படவில்லை.",Tamil
இவ்வுண்மை ஒவ்வொரு நாகரிகத்துக்கும் பொருந்தும்.,Tamil
"இவை மற்ற வகை அறிவுவகைகளான தொன்மங்கள், சட்ட நடைமுறைகளில் இருந்து வேறுபட்டிருந்தன.",Tamil
"அறிவியல் வழிமுறை என்று கருதப்பட, அவ்வழிமுறை பின்வரும் கூறுகளின் அடிப்படையில் அமையவேண்டும்.",Tamil
அறிவியல் முறை மீள்நிகழ்திற வழியில் இயற்கையின் நிகழ்ச்சிகளை விளக்குவதற்கு முயல்கிறது.,Tamil
ஒரு விளக்கச் சிந்தனைச் செய்முறை அல்லது கருதுகோள் ஒக்காம் அலகு நெறிமுறையைப் பயன்படுத்தி ஒரு விளக்கமாக முன்வைக்கப்படும்.,Tamil
இது பொதுவாக அந்நிகழ்வுக்கான பிற  ஏற்புடைய உண்மைகளோடு பொருந்தும் என எதிர்பார்க்கப்படுகிறது.,Tamil
முன்கணிப்பின் மெய்ப்பிக்க இயலாமை ஆய்வு நன்றாக முன்னேறுகிறது என்பதற்குச் சான்றாக அமையும்.,Tamil
உண்மையினை அடைகிறது.,Tamil
"மேலும், முதல்-விளைவு (காரணக் காரிய) உறவை நிறுவவும், ஒப்புறவுப் பிழையைத் தவிர்க்கவும் அறிவியல் நிறுவலுக்கு செய்முறை மிகவும் இன்றியமையாததாகும்]]).",Tamil
ஒரு கருதுகோள் நிறைவாக அமையவில்லியெனில் அது திருத்தப்படும் அல்லது மறுக்கப்படும்.,Tamil
"கருதுகோள் ஓர்வில் (சோதிப்பில்) வென்றால், அது அற்வியல் கோட்பாடாக ஏற்கப்படும்.",Tamil
"அதாவது, இது குறிப்பிட்ட இயற்கை நிகழ்வின் நடத்தையை அளவையியலாகவும் தன்னிறைவாகவும் விளக்கும் படிமமாக ஏற்கப்படும்.",Tamil
"கோட்பாடு கருதுகோளைவிட மிகப்பரந்த நிகழ்வின் கணங்களை விவரிக்கும்; வழக்கமாக, ஒரு கோட்பாட்டில் இருந்து அதற்கு இயைவான அல்லது கட்டுண்ட பல கருதுகோள்களை அளவையியலாகக் கொணரலாம்.",Tamil
எனவே ஒரு கோட்பாடு எனும் கருதுகோள் வேறு பல கருதுகோள்களை விளக்கவல்ல கருதுகோளாகும்.,Tamil
"கருதுகோள்களை நிறுவிட செய்முறைகளை மேற்கொள்ளும்போது, ஏதோ ஒரு விளைவை விரும்பும் போக்கு அமைய வாய்ப்புள்ளதால், ஒட்டுமொத்தமாக இவ்வகைச் சார்பை நீக்குவதை உறுதிபடுத்தல் முதன்மையானதாகும்.",Tamil
அறிவியல் ஆராய்ச்சிகளினால் தோன்றிய நடைமுறை விளைவுகள் அடிப்படை அறிவியல் கண்டுபிடிப்புகளால் உலகை மாற்றி அமைக்க இயலும்.,Tamil
"அறிவியல் முறை,அறிவியல் களஞ்சியம், தொகுதி 2, தமிழ்ப்பல்கலைக்கழகம், தஞ்சாவூர்.",Tamil
"அறிவியலின் முறையியல், சமூக விஞ்ஞானம், காலாண்டு ஆய்விதழ், தொகுதி ஒன்று.",Tamil
"இதழ் 3, தென்னக ஆய்வு மையம், இராயப்பேட்டை, சென்னை-17.",Tamil
"அறிவியலின் வரலாறெழுதியல், சமூக விஞ்ஞானம், காலாண்டு ஆய்விதழ், தொகுதி 9, இதழ்கள் 33-36, தென்னக ஆய்வு மையம், இராயப்பேட்டை, சென்னை-17.",Tamil
"வெளி இணைப்புகள் வெளியீடுகள் ""GCSE Science textbook"".",Tamil
"Wikibooks.org தகவல் வாயில்கள் Euroscience: ""ESOF: Euroscience Open Forum"".",Tamil
"Archived from the original on June 10, 2010.",Tamil
Science Development in the Latin American docta Classification of the Sciences in Dictionary of the History of Ideas.,Tamil
"(Dictionary's new electronic format is badly botched, entries after ""Design"" are inaccessible.",Tamil
Internet Archive old version).,Tamil
தொழினுட்பம் என்பது பொருட்கள் அல்லது சேவைகள் உற்பத்தி செய்ய பயன்படும் அறிவியல் நுட்பங்களின் தொகுப்பு.,Tamil
எனினும் ஓர் இறுக்கமான வரைவிலக்கணம் இதற்குக் கொடுக்க முடியாது.,Tamil
"தொழினுட்பம் பொறிகள், வன்பொருட்கள், பயன்பாட்டுப் பொருட்கள் போன்ற மனித இனத்துக்குப் பயன்படும் பொருள்களைக் குறிக்கக்கூடும்.",Tamil
"ஆனால் இது இன்னும் பரந்த முறைமைகள், அமைப்பு முறைகள், நுட்பங்கள் என்பவற்றையும் குறிக்கக்கூடும்.",Tamil
"இச் சொல்லைப் பொதுப் பொருளில் ஆள்வதுடன், குறிப்பிட்ட துறைகள் சார்பாகவும் பயன்படுத்தலாம்.",Tamil
"எடுத்துக்காட்டாக, கட்டுமானத் தொழினுட்பம், உயிர்மருத்துவப் பொறியியல் போன்ற பயன்பாடுகள் குறிப்பிட்ட துறைகள் சார்ந்தவையாகும்.",Tamil
"இவை தவிர பல நன்மைகளும் உண்டு அறிவியலும் பொறியியலும் தொழில்நுட்பமும் அறிவியல், பொறியியல்,  தொழினுட்பம் ஆகிய இம்மூன்றும் ஒன்றுக்கொண்று நெருங்கிய தொடர்பு கொண்டிருந்தாலும், இம்மூன்றும் வெவ்வேறானவை.",Tamil
இவற்றிற்கிடையே வேறுபாட்டைத் தெளிவாக வரையறுக்கமுடியாது எனினும் தோராயமாக நாம் இவற்றிற்கிடையேயுள்ள வேறுபாட்டை அறியலாம்.,Tamil
தியோடர் வோன் கர்மான் கூற்றின்படி:'அறிவியல் என்பது இவ்வுலகம் எப்படி இருக்கிறது/உருவானது என்பதை விளக்குகிறது; பொறியியல் என்பது இதுவரை இல்லாத உலகை/பொருளை/செயல்முறையை உருவாக்குகிறது.,Tamil
"தொழினுட்பம் என்பது பொறியியல் கருவிகள், ஆய்கருவிகள் போன்றவற்றை எப்படி செயல்படுத்துவது/பயன்படுத்துவது மற்றும் அதன் செயல்முறைகள் அனைத்தையும் உள்ளடக்கியது'.",Tamil
தொழினுட்பம் என்ற சொற்றொடர் ஒப்புமை அளிக்கப்பட்ட அனைத்துவிதமான பொறியியல் கருவிகள்/செயல்முறைகளைத் திரும்ப திரும்ப பயன்படுத்தலின் மூலமாக உருவாகிறது.,Tamil
"தொழினுட்பம் புதிதாக கண்டறியப்பட்ட பொருளை அறிவியல், பொறியியல் நுட்பத்தின் உதவி கொண்டு பேரளவில் உற்பத்தி செய்கின்றனர்.",Tamil
அப்போது மனித மூளை இன்றைய மனித் மூளையைப் போல மூன்றில் ஒருபங்காக அமைந்திருந்த்து.,Tamil
மிக் முந்திய மாந்த வரலாறு முழுவ்தும் கருவிப் பயன்பாடு ஓரளவு மாறாமலே இருந்தது.,Tamil
"தோராயமாக இமு 50,000 ஆண்டளவில் புதிய கருவிப் பயன்பாடும் புதிய நடத்தைத் தொகுதியும் மாந்தரினத்தில் முகிழ்த்தன.",Tamil
தொல்லியலாளர்கள் இதை மொழியின் தோற்றத்தோடு இணைக்கின்றனர்.,Tamil
கற்கருவிகள் பல மில்லியன் ஆண்டுகளுக்கு முன்பே முன்மாந்தவினம் (hominids) முதனிலைக் கற்கருவிகளைப் பயன்கொள்ளத் தொடஙிவிட்டது.,Tamil
"மிக முந்திய கருவிகள் பிளவுண்ட பாறைத்துண்டுகள் போலவே அமைந்தன, but approximately 75,000 ஆண்டுகளுக்கு  முன்பு உருவாகிய அழுத்தமுறைப் பிளப்பு கூரிய முனை வாய்ந்த திறமை கூடிய கோடரிகளை உருவாக்க வழிவகுத்தது.",Tamil
"தீயின் கையாளல் தீயின் கண்டுபிடிப்பும் பயன்பாடும் பல அரிய பணிகளுக்கான ஆற்றலாக ம்ட்டுமன்றி, மாந்தரினத் தொழில்நுட்ப்ப் படிமலர்ச்சியில் மாபெரும் திருப்புமுனையாகவும் அமைந்தது.",Tamil
"மரம், கரி எரித்து உருவாக்கிய தீ மனிதர் உணவு சமைக்க உதவியது.",Tamil
இதனால் செரிமானத் திறனும் ஊட்டச்சத்துகளும் கூடியதோடு பலவகை உணவுகளை உண்ண வாய்ப்பளித்தது.,Tamil
உடையும் உறையுளும் பழைய கற்கால ஊழியில் நிகழ்ந்த அடுத்த தொழில்நுட்ப முன்னேற்றங்களாக உடையும் உறையுளும் அமைகின்றன;  இவற்றை உருவாக்கிய சரியான நாளைக் குறிப்பிட முடியவில்லை.,Tamil
"ஆனால், இவை மாந்த முன்னேற்றத்துக்கு மிகவும் இன்றியமையாதனவாகும்.",Tamil
பழைய கற்காலம் முன்னேற முன்னேற வாழிடங்கள் நுட்பமாகவும் விரிவாகவும் அமையலாயின;  இமு 3.8 இலட்சம் ஆண்டுகள் அளவிலேயே தற்கலிக மரக்குடில்களை கட்டியுள்ளனர்.,Tamil
விலங்குகளின் மென்முடிகளிலும் வேட்டை விலங்குகளின் தோலிலும் செய்த உடைகள் மாந்தனுக்கு கடுங்குளிரிலும் வாழும் வாய்ப்புகளை உருவாக்கித் தந்தன; உலகின் பலபகுதிகளுக்கு மாந்தர் புலம்பெயர தொடங்கினர்.,Tamil
இமு 2 இலட்சம் ஆண்டுகள் அளவில் மாந்தர் ஆப்பிரிக்காவில் இருந்து வெளியேறி ஐரோப்பாசியா போன்ற பிற கண்டங்களுக்குச் செல்லத் தொடங்கினர்.,Tamil
"புதிய கற்காலத்தின் ஊடாக செவ்வியல் பழங்காலத்துக்கு (கிமு 8,000– கிபி 300) மாந்தத் தொழில்நுடப எழுச்சி உண்மையாக புதிய கற்காலத்தில் தான் களம்கண்டது.",Tamil
மெருகூட்டிய கற்கோடரி உருவாக்கம் மாபெரும் முண்ணேற்றமாகும்.,Tamil
இது காடழித்து வேளாண் நிலத்தை விரிவாக்கியது.,Tamil
இந்த மெருகூட்டிய கற்கோடரி புதிய கற்காலத்தில் பேறளவில் செய்யப்பட்டாலும் இதுஇடைக்கலத்தில் அயர்லாந்து போன்ற தொல்லியற் களங்களில் தோன்றியதாகும்.,Tamil
"வேளாண்மை பெருந்திரளான மக்கள்தொகைக்கு உணவூட்டி, ஓய்வு வாழ்க்கையையும் உருவாக்கியது.",Tamil
மக்கள் நாடோடி வாழ்க்கையைப் போல தோளில் தூக்கிச் செல்லவேண்டிய தேவை மறைந்தது.,Tamil
இளஞ்சிறார்களின் எண்ணிக்கை பெருகியது.,Tamil
வேட்டை-திர்ட்டல் பொருளியல்  குழந்தைகள் வேட்டையிலோ உணவு திரட்டலிலோ ஈடுபட முடியாது.,Tamil
"ஆனால், வேளாண் கட்டத்தில் பயிரிடுவதில் அவர்கள் எளிதாக உழைக்க முடிந்தது.",Tamil
"மக்கள் தொகை கூடி, உழைப்பில் ஈடுபடுவோர் எண்ணிக்கை கூடியதால்.",Tamil
உழைப்பில் வேலைப்பிரிவினை உருவாகியது.,Tamil
"கல், எலும்பு, மரத்தால் ஆன கருவிகளைவிட செம்புக் கருகளின் மேம்பாட்டை தொடக்கநிலை மாந்தர் உணரலாயினர்.",Tamil
இவ்வாறு தயகத்திலேயே செம்பு புதிய கற்காலத் தொடக்கத்தில் பத்தாயிரம் ஆண்டுகளுக்கு முன்னரே பயன்படலானது.,Tamil
தூய செம்பு பேரளவில் கிடைக்கவில்லை.,Tamil
"ஆனால், செம்புக் கனிமங்கள் எங்கும் கிடைத்தன்.",Tamil
"அவற்ரை மரம், கரி கொண்டு எரித்து எளிதாக தூய செம்பு பெறமுடிந்தது.",Tamil
"படிபடியாக, பொன்மங்களுடனான பணிகள் விரைவில் வெண்கலம், பித்தளை போன்ற பொன்மக் கலவைகளை உருவாக்க, கிமு 4000 ஆண்டளவில், வழிவகுத்தது .",Tamil
எஃகு போன்ற இரும்புக்கலவைகளின் பயன்பாடு கிமு 1800 ஆண்டளவில் இயன்றது.,Tamil
"भारत (आधिकारिक नाम: भारत गणराज्य, अंग्रेज़ी: Republic of India, लिप्यन्तरण: रिपब्लिक ऑफ़ इंडिया) दक्षिण एशिया में स्थित भारतीय उपमहाद्वीप का सबसे बड़ा देश है।",Hindi
"भारत भौगोलिक दृष्टि से विश्व का सातवाँ सबसे बड़ा देश है, जबकि जनसंख्या के दृष्टिकोण से दुनिया का सबसे बड़ा देश है।",Hindi
"भारत के पश्चिम में पाकिस्तान, उत्तर पश्चिम में अफगानिस्तान, उत्तर-पूर्व में चीन, नेपाल और भूटान, पूर्व में बांग्लादेश और म्यान्मार स्थित हैं।",Hindi
"हिंद महासागर में इसके दक्षिण पश्चिम में मालदीव, दक्षिण में श्रीलंका और दक्षिण-पूर्व में इंडोनेशिया से भारत की सामुद्रिक सीमा लगती है।",Hindi
इसके उत्तर में हिमालय पर्वत तथा दक्षिण में भारतीय महासागर स्थित है।,Hindi
दक्षिण-पूर्व में बंगाल की खाड़ी तथा पश्चिम में अरब सागर है।,Hindi
"1,200 ईसा पूर्व संस्कृत भाषा संपूर्ण भारतीय उपमहाद्वीप में फैली हुए थी और तब तक यहां पर हिंदू धर्म का उद्धव हो चुका था और ऋग्वेद की रचना भी हो चुकी थी।",Hindi
इसी समय बौद्ध एवं जैन धर्म उत्पन्न हो रहे होते थे।,Hindi
प्रारंभिक राजनीतिक एकत्रीकरण ने गंगा बेसिन में स्थित मौर्य और गुप्त साम्राज्यों को जन्म दिया।,Hindi
उनका समाज विस्तृत सृजनशीलता से भरा हुआ था।,Hindi
"प्रारंभिक मध्ययुगीन काल में, ईसाई धर्म, इस्लाम, यहूदी धर्म और पारसी धर्म ने भारत के दक्षिणी और पश्चिमी तटों पर जड़ें जमा लीं।",Hindi
"मध्य एशिया से मुस्लिम सेनाओं ने भारत के उत्तरी मैदानों पर लगातार अत्याचार किया, अंततः दिल्ली सल्तनत की स्थापना हुई और उत्तर भारत को मध्यकालीन इस्लाम साम्राज्य में मिला लिया गया।",Hindi
"15 वीं शताब्दी में, विजयनगर साम्राज्य ने दक्षिण भारत में एक लंबे समय तक चलने वाली समग्र हिंदू संस्कृति बनाई।",Hindi
पंजाब में सिख धर्म की स्थापना हुई।,Hindi
"धीरे-धीरे ब्रिटिश ईस्ट इंडिया कंपनी के शासन का विस्तार हुआ, जिसने भारत को औपनिवेशिक अर्थव्यवस्था में बदल दिया तथा अपनी संप्रभुता को भी मज़बूत किया।",Hindi
ब्रिटिश राज शासन १८५८ में शुरू हुआ।,Hindi
धीरे धीरे एक प्रभावशाली राष्ट्रवादी आंदोलन शुरू हुआ जिसे अहिंसक विरोध के लिए जाना गया और ब्रिटिश शासन को समाप्त करने का प्रमुख कारक बन गया।,Hindi
"1947 में ब्रिटिश भारतीय साम्राज्य को दो स्वतंत्र प्रभुत्वों में विभाजित किया गया, भारतीय अधिराज्य तथा पाकिस्तान अधिराज्य, जिन्हें धर्म के आधार पर विभाजित किया गया।",Hindi
1950 से भारत एक संघीय गणराज्य है।,Hindi
"भारत की जनसंख्या 1951 में 36.1 करोड़ से बढ़कर 2011 में‌ 121.1 करोड़, 2021 में बढ़कर 140.76 करोड़ हो गई।",Hindi
"प्रति व्यक्ति आय $64 से बढ़कर $1,498, 2020- 21 में $2150, शुरुआती 2022- 23 में $2450 हो गई और इसकी साक्षरता दर 16.6% से बढ़कर 74.04% पुरुषों के लिए एवम 64% महिलाओं की हो गई।",Hindi
भारत एक तेज़ी से बढ़ती हुई प्रमुख अर्थव्यवस्था और सूचना प्रौद्योगिकी सेवाओं का केंद्र बन गया है।,Hindi
अंतरिक्ष क्षेत्र में भारत ने उल्लेखनीय तथा अद्वितीय प्रगति की।,Hindi
"भारतीय फ़िल्में, संगीत और आध्यात्मिक शिक्षा वैश्विक संस्कृति में विशेष भूमिका निभाती हैं।",Hindi
भारत ने ग़रीबी दर को काफ़ी हद तक कम कर दिया है।,Hindi
भारत देश परमाणु बम रखने वाला देश है।,Hindi
भारत-चीन सीमा पर भारत का चीन से विवाद चल रहा है।,Hindi
कश्मीर क्षेत्र को लेकर भारत और पाकिस्तान में विवाद है।,Hindi
"लैंगिक असमानता, बाल शोषण, बाल कुपोषण, ग़रीबी, भ्रष्टाचार, प्रदूषण इत्यादि भारत के सामने प्रमुख चुनौतियाँ है।",Hindi
21.4% क्षेत्र पर वन है।,Hindi
"भारत के वन्यजीव, जिन्हें परंपरागत रूप से भारत की संस्कृति में सहिष्णुता के साथ देखा गया है, इन जंगलों और अन्य जगहों पर संरक्षित आवासों में निवास करते हैं।",Hindi
"इंडिया नाम की उत्पत्ति सिंधु नदी के अंग्रेज़ी नाम ""इंडस"" से हुई है।",Hindi
श्रीमद्भागवत महापुराण में वर्णित एक कथा के अनुसार भारत नाम मनु के वंशज तथा ऋषभदेव के सबसे बड़े बेटे एक प्राचीन सम्राट भरत के नाम से लिया गया है।,Hindi
एक व्युत्पत्ति के अनुसार भारत (भा + रत) शब्द का मतलब है आंतरिक प्रकाश या विदेक-रूपी प्रकाश में लीन।,Hindi
"एक तीसरा नाम हिंदुस्तान भी है जिसका अर्थ हिंद की भूमि, यह नाम विशेषकर अरब तथा ईरान में प्रचलित हुआ।",Hindi
बहुत पहले भारत का एक मुंहबोला नाम सोने की चिड़िया भी प्रचलित था।,Hindi
संस्कृत महाकाव्य महाभारत में वर्णित है की वर्तमान उत्तर भारत का क्षेत्र भारत के अंतर्गत आता था।,Hindi
"भारत को कई अन्य नामों इंडिया, भारतवर्ष, आर्यावर्त, हिंद, हिंदुस्तान, जंबूद्वीप आदि से भी जाना जाता है।",Hindi
"इतिहास प्राचीन भारत लगभग 55,000 वर्ष पहले (प्राचीन भारत)   आधुनिक मानव या होमो सेपियंस अफ्रीका से भारतीय उपमहाद्वीप में पहुँचे थे।",Hindi
"दक्षिण एशिया में ज्ञात मानव का प्राचीनतम अवशेष 30,000 वर्ष पुराना है।",Hindi
"भीमबेटका, मध्य प्रदेश की गुफाएँ भारत में मानव जीवन का प्राचीनतम प्रमाण हैं जो आज भी देखने को मिलता है।",Hindi
प्रथम स्थाई बस्तियों ने 9000 वर्ष पूर्व स्वरुप लिया था।,Hindi
"6,500 ईसा पूर्व तक आते आते मनुष्य ने खेती करना, जानवरों को पालना तथा घरों का निर्माण करना शुरू कर दिया था, जिसका अवशेष मेहरगढ़ में मिला था जो कि अभी पाकिस्तान में है।",Hindi
"यह धीरे-धीरे सिंधु घाटी सभ्यता के रूप में विकसित हुए, जो की दक्षिण एशिया की सबसे प्राचीन शहरी सभ्यता है।",Hindi
यह 2600 ईसा पूर्व और 1900 ईसा पूर्व के मध्य अपने चरम पर थी।,Hindi
यह वर्तमान पश्चिम भारत तथा पाकिस्तान में स्थित है।,Hindi
"यह मोहनजोदड़ो, हड़प्पा, धोलावीरा, और कालीबंगा जैसे शहरों के आसपास केंद्रित थी और विभिन्न प्रकार के निर्वाह पर निर्भर थी, यहाँ व्यापक बाजार था तथा शिल्प उत्पादन होता था।",Hindi
2000 से 500 ईसा पूर्व तक ताम्र पाषाण युग संस्कृति से लौह युग का आगमन हुआ।,Hindi
"इसी युग को हिंदू धर्म से जुड़े प्राचीनतम धर्म ग्रंथ, वेदों का रचनाकाल माना जाता है तथा पंजाब तथा गंगा के ऊपरी मैदानी क्षेत्र को वैदिक संस्कृति का निवास स्थान माना जाता है।",Hindi
कुछ इतिहासकारों का मानना है की इसी युग में उत्तर-पश्चिम से भारतीय-आर्यन का आगमन हुआ था।,Hindi
इसी अवधि में जाति प्रथा भी प्रारंभ हुई थी।,Hindi
बढ़ते शहरीकरण के बीच दो अन्य स्वतंत्र अ-वैदिक धर्मों का उदय हुआ।,Hindi
महावीर के जीवन काल में जैन धर्म अस्तित्व में आया।,Hindi
गौतम बुद्ध की शिक्षाओं पर आधारित बौद्ध धर्म ने मध्यम वर्ग के अनुयायिओं को छोड़कर अन्य सभी वर्ग के लोगों को आकर्षित किया; इसी काल में भारत का इतिहास लेखन प्रारंभ हुआ।,Hindi
"बढ़ती शहरी संपदा के युग में, दोनों धर्मों ने त्याग को एक आदर्श माना, और दोनों ने लंबे समय तक चलने वाली मठ परंपराओं की स्थापना की।",Hindi
राजनीतिक रूप से तीसरी शताब्दी ईसा पूर्व तक मगध साम्राज्य ने अन्य राज्यों को अपने अंदर मिला कर मौर्य साम्राज्य के रूप में उभरा।,Hindi
मगध ने दक्षिण भारत के कुछ हिस्सों को छोड़कर पूरे भारत पर अपना अधिपत्य स्थापित कर लिया लेकिन कुछ अन्य प्रमुख बड़े राज्यों ने इसके प्रमुख क्षेत्रों को अलग कर लिया।,Hindi
"तीसरी शताब्दी के आगे का समय जब भारत पर गुप्त वंश का शासन था, भारत का स्वर्णिम काल कहलाया।",Hindi
चौथी-पाँचवी शताब्दी के बीच गुप्त साम्राज्य ने वृहद् गंगा के मैदानी क्षेत्र में प्रशासन तथा कर निर्धारण की एक जटिल प्रणाली बनाई; यह प्रणाली बाद के भारतीय राज्यों के लिए एक आदर्श बन गई।,Hindi
गुप्त साम्राज्य में भक्ति पर आधारित हिन्दू धर्म का प्रचलन हुई।,Hindi
"विज्ञान, कला, साहित्य, गणित, खगोलशास्त्र, प्राचीन प्रौद्योगिकी, धर्म, तथा दर्शन इन्हीं राजाओं के शासनकाल में फले-फूले, जो शास्त्रीय संस्कृत में रचा गया।",Hindi
मध्यकालीन भारत ६०० से १२०० के बीच का समय क्षेत्रीय राज्यों में सांस्कृतिक उत्थान के युग के रूप में जाना जाता है।,Hindi
कन्नौज के राजा हर्ष ने ६०६ से ६४७ तक गंगा के मैदानी क्षेत्र में शासन किया तथा उसने दक्षिण में अपने राज्य का विस्तार करने का प्रयास किया किन्तु दक्क्न के चालुक्यों ने उसे हरा दिया।,Hindi
उसके उत्तराधिकारी ने पूर्व की और राज्य का विस्तार करना चाहा लेकिन बंगाल के पाल शासकों से उसे हारना पड़ा।,Hindi
"जब चालुक्यों ने दक्षिण की और विस्तार करने का प्रयास किया तो पल्ल्वों ने उन्हें पराजित कर दिया, जिनका सुदूर दक्षिण में पांड्यों तथा चोलों द्वारा उनका विरोध किया जा रहा था।",Hindi
इस काल में कोई भी शासक एक साम्राज्य बनाने में सक्षम नहीं था और लगातार मूल भूमि की तुलना में दुसरे क्षेत्र की ओर आगे बढ़ने का क्रम जारी था।,Hindi
इस अवधि में नये शासन के कारण जाति में बांटे गए सामान्य कृषकों के लिए कृषि करना और सहज हो गया।,Hindi
जाति व्यवस्था के परिणामस्वरूप स्थानीय मतभेद होने लगे।,Hindi
"6 और 7 वीं शताब्दी में, पहली भक्ति भजन तमिल भाषा में बनाया गया था।",Hindi
पूरे भारत में उनकी नकल की गई और हिंदू धर्म के पुनरुत्थान और इसने उपमहाद्वीप की सभी आधुनिक भाषाओं के विकास का नेतृत्व किया।,Hindi
राजघरानो ने लोगों को राजधानी  की आकर्षित किया।,Hindi
शहरीकरण के साथ शहरों में बड़े स्तर पर मंदिरों का निर्माण किया।,Hindi
"दक्षिण भारत की राजनीतिक और सांस्कृतिक व्यवस्था का प्रभाव दक्षिण एशिया के देशों म्यांमार, थाईलैंड, लाओस, कंबोडिया, वियतनाम, फिलीपींस, मलेशिया और जावा में देखा जा सकता है।",Hindi
उन्हें उतर भारत  को अधिक नियंत्रित करना था तथा दक्षिण भारत पर आकर्मण करना था।,Hindi
भारतीय कुलीन वर्ग के विघटनकारी सल्तनत ने बड़े पैमाने पर गैर-मुस्लिमों को स्वयं के रीतिरिवाजों पर छोड़ दिया।,Hindi
१३ वीं शताब्दी में मंगोलों द्वारा किये के विनाशकारी आकर्मण से भारत की रक्षा की।,Hindi
सल्तनत के पतन के कारण स्वशासित विजयनगर साम्राज्य का मार्ग प्रशस्त हुआ।,Hindi
एक मजबूत शैव परंपरा और सल्तनत की सैन्य तकनीक पर निर्माण करते हुए साम्राज्य ने भारत के विशाल भाग पर शासन किया और इसके बाद लंबे समय तक दक्षिण भारतीय समाज को प्रभावित किया।,Hindi
इसमें वे कामयाब हुए और १८४० तक लगभग संपूर्ण देश पर शासन करने में सफल हुए।,Hindi
वास्तव में ये शासन की दृष्टि से नहीं आए बल्कि वे देश की भोलीभाली जनता को लूटना चाहते थे।,Hindi
क्योंकि भारत देश में बाहर से आया हर कोई मेहमान होता है और उसे वे देवता का दर्जा देते हैं।,Hindi
इसी का फायदा अंग्रेजों ने उठाया और धीरे धीरे आंतरिक अशांति इस प्रकार फैलाई की सबसे पहले यहां की शिक्षा व्यवस्था को बदला जो की दुनियां में सबसे अच्छी व्यवस्था थी।,Hindi
और वर्ण व्यवस्था को जाती वाद में बदल दिया गया।,Hindi
ऊंची नीची जातियों में विभाजन किया।,Hindi
मुस्लिम धर्म वालों को धक्के से गाय माता की हत्या करवाने में लगा दिया।,Hindi
"और फिर हिंदुओं को बोला की देखो आपके मुस्लिम भाई , आपकी माता की हत्या कर रहे हैं।",Hindi
ये तो आपके भाई कहलाने के लायक भी नहीं है।,Hindi
इस प्रकार देखते ही देखते दंगा फैला दिया।,Hindi
१८८५ में भारतीय राष्ट्रीय कांग्रेस की स्थापना ने स्वतन्त्रता आन्दोलन को एक गतिमान स्वरूप दिया।,Hindi
"तदुपरान्त २६ जनवरी, १९५० को भारत एक गणराज्य बना।",Hindi
एक बहुजातीय तथा बहुधार्मिक राष्ट्र होने के कारण भारत को समय-समय पर साम्प्रदायिक तथा जातीय विद्वेष का शिकार होना पड़ा है।,Hindi
भारत के पड़ोसी राष्ट्रों के साथ अनसुलझे सीमा विवाद हैं।,Hindi
इसके कारण इसे छोटे पैमानों पर युद्ध का भी सामना करना पड़ा है।,Hindi
"१९६२ में चीन के साथ, तथा १९४७, १९६५, १९७१ एवं १९९९ में पाकिस्तान के साथ लड़ाइयाँ हो चुकी हैं।",Hindi
भारत गुटनिरपेक्ष आन्दोलन तथा संयुक्त राष्ट्र संघ के संस्थापक सदस्य देशों में से एक है।,Hindi
१९७४ में भारत ने अपना पहला परमाणु परीक्षण किया था जिसके बाद १९९८ में ५ और परीक्षण किये गये।,Hindi
१९९० के दशक में किये गये आर्थिक सुधारीकरण की बदौलत आज देश सबसे तेज़ी से विकासशील राष्ट्रों की सूची में आ गया है।,Hindi
भूगोल एवं जलवायु भू-आकृतिक विशेषतायें भारत पूरी तौर पर भारतीय प्लेट के ऊपर स्थित है जो भारतीय आस्ट्रेलियाई प्लेट (Indo-Australian Plate) का उपखण्ड है।,Hindi
प्राचीन काल में यह प्लेट गोंडवानालैण्ड का हिस्सा थी और अफ्रीका और अंटार्कटिका के साथ जुड़ी हुई थी।,Hindi
तकरीबन ९ करोड़ वर्ष पहले क्रीटेशियस काल में भारतीय प्लेट १५ सेमी.,Hindi
